encounter,loadout,execution,difficulty,assist,runs_per_policy,smart_wins,smart_timeouts,smart_mean_rounds,smart_p90_rounds,smart_mean_recorded_damage,smart_mean_healing,smart_mean_breaks,smart_mean_interrupts,basic_only_wins,basic_only_timeouts,basic_only_mean_rounds,basic_only_p90_rounds,basic_only_mean_recorded_damage,basic_only_mean_healing,basic_only_mean_breaks,basic_only_mean_interrupts,random_wins,random_timeouts,random_mean_rounds,random_p90_rounds,random_mean_recorded_damage,random_mean_healing,random_mean_breaks,random_mean_interrupts,smart_minus_basic_win_percentage_points,smart_minus_basic_mean_rounds,smart_minus_basic_mean_recorded_damage
fen_patrol,starter_sword,Mixed,Adventurer,Standard,100,100,0,5.41,6,59.41,24.3,0.93,0.0,100,0,5.21,6,61.63,0.0,0.8,0.0,58,0,12.14,16,219.56,43.89,0.54,0.02,0.0,0.2,-2.22
fen_patrol,starter_sword,Mixed,Tactician,Standard,100,100,0,5.46,6,55.1,27.0,0.93,0.0,100,0,5.28,6,59.08,0.0,0.91,0.0,61,0,13.49,19,213.25,46.25,0.64,0.0,0.0,0.18,-3.98
fen_patrol,starter_hammer,Mixed,Adventurer,Standard,100,100,0,3.72,4,54.33,22.93,0.65,0.0,100,0,4.0,4,49.19,0.0,0.99,0.0,71,0,11.07,15,203.79,49.58,1.16,0.02,0.0,-0.28,5.14
fen_patrol,starter_hammer,Mixed,Tactician,Standard,100,100,0,3.7,4,51.63,25.63,0.67,0.0,100,0,4.02,4,43.7,0.0,0.99,0.0,74,0,12.05,17,192.65,46.11,1.18,0.0,0.0,-0.32,7.93
fen_patrol,starter_bow,Mixed,Adventurer,Standard,100,100,0,5.35,6,64.06,27.45,0.73,0.0,100,0,5.48,6,63.53,0.0,0.52,0.0,75,0,11.75,16,194.28,38.42,0.37,0.0,0.0,-0.13,0.53
fen_patrol,starter_bow,Mixed,Tactician,Standard,100,100,0,5.3,6,53.63,27.0,0.73,0.0,100,0,5.5,6,62.98,0.0,0.57,0.0,87,0,11.96,16,154.59,32.17,0.41,0.0,0.0,-0.2,-9.35
rot_grove,starter_sword,Mixed,Adventurer,Standard,100,100,0,4.46,5,30.9,9.42,0.69,0.69,100,0,4.71,5,49.83,0.0,0.0,0.0,84,0,11.13,15,171.67,34.37,0.29,0.12,0.0,-0.25,-18.93
rot_grove,starter_sword,Mixed,Tactician,Standard,100,100,0,4.4,5,51.74,22.95,0.42,0.0,100,0,4.69,5,52.63,0.0,0.0,0.0,82,0,11.22,15,165.53,33.91,0.21,0.0,0.0,-0.29,-0.89
rot_grove,starter_hammer,Mixed,Adventurer,Standard,100,100,0,5.29,6,31.71,13.01,1.41,0.64,100,0,5.1,5,51.42,0.0,0.98,0.05,75,0,13.34,19,194.22,37.79,0.84,0.24,0.0,0.19,-19.71
rot_grove,starter_hammer,Mixed,Tactician,Standard,100,100,0,4.73,5,49.11,22.05,1.0,0.0,100,0,5.06,5,45.65,0.0,0.98,0.0,83,0,14.85,21,196.13,41.96,0.94,0.0,0.0,-0.33,3.46
rot_grove,starter_bow,Mixed,Adventurer,Standard,100,100,0,5.51,7,53.01,22.9,0.23,0.07,100,0,5.26,6,54.61,0.0,0.0,0.0,70,0,12.79,17,201.4,33.78,0.13,0.08,0.0,0.25,-1.6
rot_grove,starter_bow,Mixed,Tactician,Standard,100,100,0,5.14,6,56.59,23.85,0.21,0.09,100,0,5.29,6,58.42,0.0,0.0,0.0,75,1,13.13,18,188.9,37.35,0.06,0.0,0.0,-0.15,-1.83
bramble_den,starter_sword,Mixed,Adventurer,Standard,100,100,0,6.25,7,77.8,44.51,0.78,0.0,98,0,6.99,10,92.73,0.0,0.6,0.0,30,1,15.1,22,260.96,43.25,0.28,0.0,2.0,-0.74,-14.93
bramble_den,starter_sword,Mixed,Tactician,Standard,100,100,0,6.4,7,79.86,50.39,0.55,0.0,94,0,7.31,10,99.63,0.0,0.44,0.0,37,2,15.88,24,252.31,42.5,0.17,0.0,6.0,-0.91,-19.77
bramble_den,starter_hammer,Mixed,Adventurer,Standard,100,100,0,5.83,6,84.77,46.3,1.0,0.0,95,0,6.77,9,100.47,0.0,0.93,0.0,40,0,15.2,21,261.59,45.15,0.47,0.0,5.0,-0.94,-15.7
bramble_den,starter_hammer,Mixed,Tactician,Standard,100,100,0,5.96,7,98.77,51.29,1.0,0.0,90,0,7.17,10,105.15,0.0,0.88,0.0,38,2,15.46,21,255.79,43.49,0.35,0.0,10.0,-1.21,-6.38
bramble_den,starter_bow,Mixed,Adventurer,Standard,100,100,0,6.69,8,95.77,57.09,0.65,0.0,96,0,7.66,10,106.84,0.0,0.41,0.0,41,0,14.58,21,249.73,39.45,0.11,0.0,4.0,-0.97,-11.07
bramble_den,starter_bow,Mixed,Tactician,Standard,100,100,0,6.54,7,89.85,50.39,0.16,0.0,94,0,7.85,11,111.51,0.0,0.15,0.0,42,0,15.04,22,245.32,35.37,0.03,0.0,6.0,-1.31,-21.66
mirebell_cantor,starter_sword,Mixed,Adventurer,Standard,100,97,0,12.05,13,124.46,51.58,1.98,0.78,72,0,12.43,13,156.4,0.0,1.65,0.0,6,9,22.68,30,259.69,25.03,1.1,0.04,25.0,-0.38,-31.94
mirebell_cantor,starter_sword,Mixed,Tactician,Standard,100,100,0,11.98,13,108.13,46.69,2.0,0.76,77,0,12.51,13,143.03,0.0,1.72,0.0,8,4,22.0,28,258.16,23.85,1.05,0.05,23.0,-0.53,-34.9
mirebell_cantor,starter_hammer,Mixed,Adventurer,Standard,100,99,0,10.78,12,114.82,51.2,2.01,0.84,97,0,11.12,12,102.86,0.0,2.0,0.91,8,9,22.87,30,263.26,29.02,1.27,0.19,2.0,-0.34,11.96
mirebell_cantor,starter_hammer,Mixed,Tactician,Standard,100,100,0,10.36,11,95.4,37.64,2.03,0.8,100,0,10.85,11,89.29,0.0,2.0,0.95,20,6,23.37,28,247.05,23.79,1.6,0.26,0.0,-0.49,6.11
mirebell_cantor,starter_bow,Mixed,Adventurer,Standard,100,99,0,11.17,12,101.44,42.2,1.37,0.2,91,0,12.31,13,135.58,0.0,1.0,0.0,25,9,24.74,30,250.22,29.27,0.96,0.09,8.0,-1.14,-34.14
mirebell_cantor,starter_bow,Mixed,Tactician,Standard,100,100,0,11.01,12,86.52,33.7,1.38,0.2,96,0,12.31,13,118.45,0.0,1.0,0.0,17,12,25.56,31,250.73,26.06,1.01,0.12,4.0,-1.3,-31.93
